Player 1,us
Player 2,us
Player 3,us
Player 10,us
Player 11,us
Player 20,us
Player 12,us
Pzimzim,us
Pzimzim2,us
Pzimzim3,us
Player 5,us
Pzimzim34,us
Player 54,us
Pzimzim3=,us
Pzimzim5,us
Pzimzim55,us
Pzimzim5ljlkasdjlfjsdljfl;kajs;dlfk;asjdf,us
Pzimzim5ljlkasdjlfjsd,us
Player 5lsdfjlksdjflksdjf,us
Emergency Pancakes,us
EmergencyPancakessfsdfsdfsdf,us
Emergency Pancakessfsdfsdfsdf,us
Emergency Pancakessfsdfsdfsdf lsdfjlsdjflsdjflksdflks sldjfldskjflsdjflskdf lksjdflkjsdlf,us
EmergencyPancakes2,us
FF,us
FFd,us
EmergencyPancakess,us
a,us
FFda,us
FFdaa,us
aa,us
EmergencyPancakes,us
DrugsAreBad,us
Dodecahedron,us
Emergency,us
Dodec,us
DodecPancakes,us
DodecPancakes2,us
EmergencyPancakesc,us
DodecPancakes2sd,us
EmergencyPancake,us
DodecPancakes2s,us
